Kode,Nama,Provinsi
11.01,KAB. ACEH SELATAN,ACEH
11.02,KAB. ACEH TENGGARA,ACEH
11.03,KAB. ACEH TIMUR,ACEH
11.04,KAB. ACEH TENGAH,ACEH
11.05,KAB. ACEH BARAT,ACEH
11.06,KAB. ACEH BESAR,ACEH
11.07,KAB. PIDIE,ACEH
11.08,KAB. ACEH UTARA,ACEH
11.09,KAB. SIMEULUE,ACEH
11.10,KAB. ACEH SINGKIL,ACEH
11.11,KAB. BIREUEN,ACEH
11.12,KAB. ACEH BARAT DAYA,ACEH
11.13,KAB. GAYO LUES,ACEH
11.14,KAB. ACEH JAYA,ACEH
11.15,KAB. NAGAN RAYA,ACEH
11.16,KAB. ACEH TAMIANG,ACEH
11.17,KAB. BENER MERIAH,ACEH
11.18,KAB. PIDIE JAYA,ACEH
11.71,KOTA BANDA ACEH,ACEH
11.72,KOTA SABANG,ACEH
11.73,KOTA LHOKSEUMAWE,ACEH
11.74,KOTA LANGSA,ACEH
11.75,KOTA SUBULUSSALAM,ACEH
12.01,KAB. TAPANULI TENGAH,SUMATERA UTARA
12.02,KAB. TAPANULI UTARA,SUMATERA UTARA
12.03,KAB. TAPANULI SELATAN,SUMATERA UTARA
12.04,KAB. NIAS,SUMATERA UTARA
12.05,KAB. LANGKAT,SUMATERA UTARA
12.06,KAB. KARO,SUMATERA UTARA
12.07,KAB. DELI SERDANG,SUMATERA UTARA
12.08,KAB. SIMALUNGUN,SUMATERA UTARA
12.09,KAB. ASAHAN,SUMATERA UTARA
12.10,KAB. LABUHANBATU,SUMATERA UTARA
12.11,KAB. DAIRI,SUMATERA UTARA
12.12,KAB. TOBA,SUMATERA UTARA
12.13,KAB. MANDAILING NATAL,SUMATERA UTARA
12.14,KAB. NIAS SELATAN,SUMATERA UTARA
12.15,KAB. PAKPAK BHARAT,SUMATERA UTARA
12.16,KAB. HUMBANG HASUNDUTAN,SUMATERA UTARA
12.17,KAB. SAMOSIR,SUMATERA UTARA
12.18,KAB. SERDANG BEDAGAI,SUMATERA UTARA
12.19,KAB. BATU BARA,SUMATERA UTARA
12.20,KAB. PADANG LAWAS UTARA,SUMATERA UTARA
12.21,KAB. PADANG LAWAS,SUMATERA UTARA
12.22,KAB. LABUHANBATU SELATAN,SUMATERA UTARA
12.23,KAB. LABUHANBATU UTARA,SUMATERA UTARA
12.24,KAB. NIAS UTARA,SUMATERA UTARA
12.25,KAB. NIAS BARAT,SUMATERA UTARA
12.71,KOTA MEDAN,SUMATERA UTARA
12.72,KOTA PEMATANGSIANTAR,SUMATERA UTARA
12.73,KOTA SIBOLGA,SUMATERA UTARA
12.74,KOTA TANJUNG BALAI,SUMATERA UTARA
12.75,KOTA BINJAI,SUMATERA UTARA
12.76,KOTA TEBING TINGGI,SUMATERA UTARA
12.77,KOTA PADANGSIDIMPUAN,SUMATERA UTARA
12.78,KOTA GUNUNGSITOLI,SUMATERA UTARA
13.01,KAB. PESISIR SELATAN,SUMATERA BARAT
13.02,KAB. SOLOK,SUMATERA BARAT
13.03,KAB. SIJUNJUNG,SUMATERA BARAT
13.04,KAB. TANAH DATAR,SUMATERA BARAT
13.05,KAB. PADANG PARIAMAN,SUMATERA BARAT
13.06,KAB. AGAM,SUMATERA BARAT
13.07,KAB. LIMA PULUH KOTA,SUMATERA BARAT
13.08,KAB. PASAMAN,SUMATERA BARAT
13.09,KAB. KEPULAUAN MENTAWAI,SUMATERA BARAT
13.10,KAB. DHARMASRAYA,SUMATERA BARAT
13.11,KAB. SOLOK SELATAN,SUMATERA BARAT
13.12,KAB. PASAMAN BARAT,SUMATERA BARAT
13.71,KOTA PADANG,SUMATERA BARAT
13.72,KOTA SOLOK,SUMATERA BARAT
13.73,KOTA SAWAHLUNTO,SUMATERA BARAT
13.74,KOTA PADANG PANJANG,SUMATERA BARAT
13.75,KOTA BUKITTINGGI,SUMATERA BARAT
13.76,KOTA PAYAKUMBUH,SUMATERA BARAT
13.77,KOTA PARIAMAN,SUMATERA BARAT
14.01,KAB. KAMPAR,RIAU
14.02,KAB. INDRAGIRI HULU,RIAU
14.03,KAB. BENGKALIS,RIAU
14.04,KAB. INDRAGIRI HILIR,RIAU
14.05,KAB. PELALAWAN,RIAU
14.06,KAB. ROKAN HULU,RIAU
14.07,KAB. ROKAN HILIR,RIAU
14.08,KAB. SIAK,RIAU
14.09,KAB. KUANTAN SINGINGI,RIAU
14.10,KAB. KEPULAUAN MERANTI,RIAU
14.71,KOTA PEKANBARU,RIAU
14.72,KOTA DUMAI,RIAU
15.01,KAB. KERINCI,JAMBI
15.02,KAB. MERANGIN,JAMBI
15.03,KAB. SAROLANGUN,JAMBI
15.04,KAB. BATANGHARI,JAMBI
15.05,KAB. MUARO JAMBI,JAMBI
15.06,KAB. TANJUNG JABUNG BARAT,JAMBI
15.07,KAB. TANJUNG JABUNG TIMUR,JAMBI
15.08,KAB. BUNGO,JAMBI
15.09,KAB. TEBO,JAMBI
15.71,KOTA JAMBI,JAMBI
15.72,KOTA SUNGAI PENUH,JAMBI
16.01,KAB. OGAN KOMERING ULU,SUMATERA SELATAN
16.02,KAB. OGAN KOMERING ILIR,SUMATERA SELATAN
16.03,KAB. MUARA ENIM,SUMATERA SELATAN
16.04,KAB. LAHAT,SUMATERA SELATAN
16.05,KAB. MUSI RAWAS,SUMATERA SELATAN
16.06,KAB. MUSI BANYUASIN,SUMATERA SELATAN
16.07,KAB. BANYUASIN,SUMATERA SELATAN
16.08,KAB. OGAN KOMERING ULU TIMUR,SUMATERA SELATAN
16.09,KAB. OGAN KOMERING ULU SELATAN,SUMATERA SELATAN
16.10,KAB. OGAN ILIR,SUMATERA SELATAN
16.11,KAB. EMPAT LAWANG,SUMATERA SELATAN
16.12,KAB. PENUKAL ABAB LEMATANG ILIR,SUMATERA SELATAN
16.13,KAB. MUSI RAWAS UTARA,SUMATERA SELATAN
16.71,KOTA PALEMBANG,SUMATERA SELATAN
16.72,KOTA PAGAR ALAM,SUMATERA SELATAN
16.73,KOTA LUBUK LINGGAU,SUMATERA SELATAN
16.74,KOTA PRABUMULIH,SUMATERA SELATAN
17.01,KAB. BENGKULU SELATAN,BENGKULU
17.02,KAB. REJANG LEBONG,BENGKULU
17.03,KAB. BENGKULU UTARA,BENGKULU
17.04,KAB. KAUR,BENGKULU
17.05,KAB. SELUMA,BENGKULU
17.06,KAB. MUKO MUKO,BENGKULU
17.07,KAB. LEBONG,BENGKULU
17.08,KAB. KEPAHIANG,BENGKULU
17.09,KAB. BENGKULU TENGAH,BENGKULU
17.71,KOTA BENGKULU,BENGKULU
18.01,KAB. LAMPUNG SELATAN,LAMPUNG
18.02,KAB. LAMPUNG TENGAH,LAMPUNG
18.03,KAB. LAMPUNG UTARA,LAMPUNG
18.04,KAB. LAMPUNG BARAT,LAMPUNG
18.05,KAB. TULANG BAWANG,LAMPUNG
18.06,KAB. TANGGAMUS,LAMPUNG
18.07,KAB. LAMPUNG TIMUR,LAMPUNG
18.08,KAB. WAY KANAN,LAMPUNG
18.09,KAB. PESAWARAN,LAMPUNG
18.10,KAB. PRINGSEWU,LAMPUNG
18.11,KAB. MESUJI,LAMPUNG
18.12,KAB. TULANG BAWANG BARAT,LAMPUNG
18.13,KAB. PESISIR BARAT,LAMPUNG
18.71,KOTA BANDAR LAMPUNG,LAMPUNG
18.72,KOTA METRO,LAMPUNG
19.01,KAB. BANGKA,KEPULAUAN BANGKA BELITUNG
19.02,KAB. BELITUNG,KEPULAUAN BANGKA BELITUNG
19.03,KAB. BANGKA SELATAN,KEPULAUAN BANGKA BELITUNG
19.04,KAB. BANGKA TENGAH,KEPULAUAN BANGKA BELITUNG
19.05,KAB. BANGKA BARAT,KEPULAUAN BANGKA BELITUNG
19.06,KAB. BELITUNG TIMUR,KEPULAUAN BANGKA BELITUNG
19.71,KOTA PANGKAL PINANG,KEPULAUAN BANGKA BELITUNG
21.01,KAB. BINTAN,KEPULAUAN RIAU
21.02,KAB. KARIMUN,KEPULAUAN RIAU
21.03,KAB. NATUNA,KEPULAUAN RIAU
21.04,KAB. LINGGA,KEPULAUAN RIAU
21.05,KAB. KEPULAUAN ANAMBAS,KEPULAUAN RIAU
21.71,KOTA BATAM,KEPULAUAN RIAU
21.72,KOTA TANJUNG PINANG,KEPULAUAN RIAU
31.01,KAB. ADM. KEP. SERIBU,DKI JAKARTA
31.71,KOTA ADM. JAKARTA PUSAT,DKI JAKARTA
31.72,KOTA ADM. JAKARTA UTARA,DKI JAKARTA
31.73,KOTA ADM. JAKARTA BARAT,DKI JAKARTA
31.74,KOTA ADM. JAKARTA SELATAN,DKI JAKARTA
31.75,KOTA ADM. JAKARTA TIMUR,DKI JAKARTA
32.01,KAB. BOGOR,JAWA BARAT
32.02,KAB. SUKABUMI,JAWA BARAT
32.03,KAB. CIANJUR,JAWA BARAT
32.04,KAB. BANDUNG,JAWA BARAT
32.05,KAB. GARUT,JAWA BARAT
32.06,KAB. TASIKMALAYA,JAWA BARAT
32.07,KAB. CIAMIS,JAWA BARAT
32.08,KAB. KUNINGAN,JAWA BARAT
32.09,KAB. CIREBON,JAWA BARAT
32.10,KAB. MAJALENGKA,JAWA BARAT
32.11,KAB. SUMEDANG,JAWA BARAT
32.12,KAB. INDRAMAYU,JAWA BARAT
32.13,KAB. SUBANG,JAWA BARAT
32.14,KAB. PURWAKARTA,JAWA BARAT
32.15,KAB. KARAWANG,JAWA BARAT
32.16,KAB. BEKASI,JAWA BARAT
32.17,KAB. BANDUNG BARAT,JAWA BARAT
32.18,KAB. PANGANDARAN,JAWA BARAT
32.71,KOTA BOGOR,JAWA BARAT
32.72,KOTA SUKABUMI,JAWA BARAT
32.73,KOTA BANDUNG,JAWA BARAT
32.74,KOTA CIREBON,JAWA BARAT
32.75,KOTA BEKASI,JAWA BARAT
32.76,KOTA DEPOK,JAWA BARAT
32.77,KOTA CIMAHI,JAWA BARAT
32.78,KOTA TASIKMALAYA,JAWA BARAT
32.79,KOTA BANJAR,JAWA BARAT
33.01,KAB. CILACAP,JAWA TENGAH
33.02,KAB. BANYUMAS,JAWA TENGAH
33.03,KAB. PURBALINGGA,JAWA TENGAH
33.04,KAB. BANJARNEGARA,JAWA TENGAH
33.05,KAB. KEBUMEN,JAWA TENGAH
33.06,KAB. PURWOREJO,JAWA TENGAH
33.07,KAB. WONOSOBO,JAWA TENGAH
33.08,KAB. MAGELANG,JAWA TENGAH
33.09,KAB. BOYOLALI,JAWA TENGAH
33.10,KAB. KLATEN,JAWA TENGAH
33.11,KAB. SUKOHARJO,JAWA TENGAH
33.12,KAB. WONOGIRI,JAWA TENGAH
33.13,KAB. KARANGANYAR,JAWA TENGAH
33.14,KAB. SRAGEN,JAWA TENGAH
33.15,KAB. GROBOGAN,JAWA TENGAH
33.16,KAB. BLORA,JAWA TENGAH
33.17,KAB. REMBANG,JAWA TENGAH
33.18,KAB. PATI,JAWA TENGAH
33.19,KAB. KUDUS,JAWA TENGAH
33.20,KAB. JEPARA,JAWA TENGAH
33.21,KAB. DEMAK,JAWA TENGAH
33.22,KAB. SEMARANG,JAWA TENGAH
33.23,KAB. TEMANGGUNG,JAWA TENGAH
33.24,KAB. KENDAL,JAWA TENGAH
33.25,KAB. BATANG,JAWA TENGAH
33.26,KAB. PEKALONGAN,JAWA TENGAH
33.27,KAB. PEMALANG,JAWA TENGAH
33.28,KAB. TEGAL,JAWA TENGAH
33.29,KAB. BREBES,JAWA TENGAH
33.71,KOTA MAGELANG,JAWA TENGAH
33.72,KOTA SURAKARTA,JAWA TENGAH
33.73,KOTA SALATIGA,JAWA TENGAH
33.74,KOTA SEMARANG,JAWA TENGAH
33.75,KOTA PEKALONGAN,JAWA TENGAH
33.76,KOTA TEGAL,JAWA TENGAH
34.01,KAB. KULON PROGO,DAERAH ISTIMEWA YOGYAKARTA
34.02,KAB. BANTUL,DAERAH ISTIMEWA YOGYAKARTA
34.03,KAB. GUNUNGKIDUL,DAERAH ISTIMEWA YOGYAKARTA
34.04,KAB. SLEMAN,DAERAH ISTIMEWA YOGYAKARTA
34.71,KOTA YOGYAKARTA,DAERAH ISTIMEWA YOGYAKARTA
35.01,KAB. PACITAN,JAWA TIMUR
35.02,KAB. PONOROGO,JAWA TIMUR
35.03,KAB. TRENGGALEK,JAWA TIMUR
35.04,KAB. TULUNGAGUNG,JAWA TIMUR
35.05,KAB. BLITAR,JAWA TIMUR
35.06,KAB. KEDIRI,JAWA TIMUR
35.07,KAB. MALANG,JAWA TIMUR
35.08,KAB. LUMAJANG,JAWA TIMUR
35.09,KAB. JEMBER,JAWA TIMUR
35.10,KAB. BANYUWANGI,JAWA TIMUR
35.11,KAB. BONDOWOSO,JAWA TIMUR
35.12,KAB. SITUBONDO,JAWA TIMUR
35.13,KAB. PROBOLINGGO,JAWA TIMUR
35.14,KAB. PASURUAN,JAWA TIMUR
35.15,KAB. SIDOARJO,JAWA TIMUR
35.16,KAB. MOJOKERTO,JAWA TIMUR
35.17,KAB. JOMBANG,JAWA TIMUR
35.18,KAB. NGANJUK,JAWA TIMUR
35.19,KAB. MADIUN,JAWA TIMUR
35.20,KAB. MAGETAN,JAWA TIMUR
35.21,KAB. NGAWI,JAWA TIMUR
35.22,KAB. BOJONEGORO,JAWA TIMUR
35.23,KAB. TUBAN,JAWA TIMUR
35.24,KAB. LAMONGAN,JAWA TIMUR
35.25,KAB. GRESIK,JAWA TIMUR
35.26,KAB. BANGKALAN,JAWA TIMUR
35.27,KAB. SAMPANG,JAWA TIMUR
35.28,KAB. PAMEKASAN,JAWA TIMUR
35.29,KAB. SUMENEP,JAWA TIMUR
35.71,KOTA KEDIRI,JAWA TIMUR
35.72,KOTA BLITAR,JAWA TIMUR
35.73,KOTA MALANG,JAWA TIMUR
35.74,KOTA PROBOLINGGO,JAWA TIMUR
35.75,KOTA PASURUAN,JAWA TIMUR
35.76,KOTA MOJOKERTO,JAWA TIMUR
35.77,KOTA MADIUN,JAWA TIMUR
35.78,KOTA SURABAYA,JAWA TIMUR
35.79,KOTA BATU,JAWA TIMUR
36.01,KAB. PANDEGLANG,BANTEN
36.02,KAB. LEBAK,BANTEN
36.03,KAB. TANGERANG,BANTEN
36.04,KAB. SERANG,BANTEN
36.71,KOTA TANGERANG,BANTEN
36.72,KOTA CILEGON,BANTEN
36.73,KOTA SERANG,BANTEN
36.74,KOTA TANGERANG SELATAN,BANTEN
51.01,KAB. JEMBRANA,BALI
51.02,KAB. TABANAN,BALI
51.03,KAB. BADUNG,BALI
51.04,KAB. GIANYAR,BALI
51.05,KAB. KLUNGKUNG,BALI
51.06,KAB. BANGLI,BALI
51.07,KAB. KARANGASEM,BALI
51.08,KAB. BULELENG,BALI
51.71,KOTA DENPASAR,BALI
52.01,KAB. LOMBOK BARAT,NUSA TENGGARA BARAT
52.02,KAB. LOMBOK TENGAH,NUSA TENGGARA BARAT
52.03,KAB. LOMBOK TIMUR,NUSA TENGGARA BARAT
52.04,KAB. SUMBAWA,NUSA TENGGARA BARAT
52.05,KAB. DOMPU,NUSA TENGGARA BARAT
52.06,KAB. BIMA,NUSA TENGGARA BARAT
52.07,KAB. SUMBAWA BARAT,NUSA TENGGARA BARAT
52.08,KAB. LOMBOK UTARA,NUSA TENGGARA BARAT
52.71,KOTA MATARAM,NUSA TENGGARA BARAT
52.72,KOTA BIMA,NUSA TENGGARA BARAT
53.01,KAB. KUPANG,NUSA TENGGARA TIMUR
53.02,KAB. TIMOR TENGAH SELATAN,NUSA TENGGARA TIMUR
53.03,KAB. TIMOR TENGAH UTARA,NUSA TENGGARA TIMUR
53.04,KAB. BELU,NUSA TENGGARA TIMUR
53.05,KAB. ALOR,NUSA TENGGARA TIMUR
53.06,KAB. FLORES TIMUR,NUSA TENGGARA TIMUR
53.07,KAB. SIKKA,NUSA TENGGARA TIMUR
53.08,KAB. ENDE,NUSA TENGGARA TIMUR
53.09,KAB. NGADA,NUSA TENGGARA TIMUR
53.10,KAB. MANGGARAI,NUSA TENGGARA TIMUR
53.11,KAB. SUMBA TIMUR,NUSA TENGGARA TIMUR
53.12,KAB. SUMBA BARAT,NUSA TENGGARA TIMUR
53.13,KAB. LEMBATA,NUSA TENGGARA TIMUR
53.14,KAB. ROTE NDAO,NUSA TENGGARA TIMUR
53.15,KAB. MANGGARAI BARAT,NUSA TENGGARA TIMUR
53.16,KAB. NAGEKEO,NUSA TENGGARA TIMUR
53.17,KAB. SUMBA TENGAH,NUSA TENGGARA TIMUR
53.18,KAB. SUMBA BARAT DAYA,NUSA TENGGARA TIMUR
53.19,KAB. MANGGARAI TIMUR,NUSA TENGGARA TIMUR
53.20,KAB. SABU RAIJUA,NUSA TENGGARA TIMUR
53.21,KAB. MALAKA,NUSA TENGGARA TIMUR
53.71,KOTA KUPANG,NUSA TENGGARA TIMUR
61.01,KAB. SAMBAS,KALIMANTAN BARAT
61.02,KAB. MEMPAWAH,KALIMANTAN BARAT
61.03,KAB. SANGGAU,KALIMANTAN BARAT
61.04,KAB. KETAPANG,KALIMANTAN BARAT
61.05,KAB. SINTANG,KALIMANTAN BARAT
61.06,KAB. KAPUAS HULU,KALIMANTAN BARAT
61.07,KAB. BENGKAYANG,KALIMANTAN BARAT
61.08,KAB. LANDAK,KALIMANTAN BARAT
61.09,KAB. SEKADAU,KALIMANTAN BARAT
61.10,KAB. MELAWI,KALIMANTAN BARAT
61.11,KAB. KAYONG UTARA,KALIMANTAN BARAT
61.12,KAB. KUBU RAYA,KALIMANTAN BARAT
61.71,KOTA PONTIANAK,KALIMANTAN BARAT
61.72,KOTA SINGKAWANG,KALIMANTAN BARAT
62.01,KAB. KOTAWARINGIN BARAT,KALIMANTAN TENGAH
62.02,KAB. KOTAWARINGIN TIMUR,KALIMANTAN TENGAH
62.03,KAB. KAPUAS,KALIMANTAN TENGAH
62.04,KAB. BARITO SELATAN,KALIMANTAN TENGAH
62.05,KAB. BARITO UTARA,KALIMANTAN TENGAH
62.06,KAB. KATINGAN,KALIMANTAN TENGAH
62.07,KAB. SERUYAN,KALIMANTAN TENGAH
62.08,KAB. SUKAMARA,KALIMANTAN TENGAH
62.09,KAB. LAMANDAU,KALIMANTAN TENGAH
62.10,KAB. GUNUNG MAS,KALIMANTAN TENGAH
62.11,KAB. PULANG PISAU,KALIMANTAN TENGAH
62.12,KAB. MURUNG RAYA,KALIMANTAN TENGAH
62.13,KAB. BARITO TIMUR,KALIMANTAN TENGAH
62.71,KOTA PALANGKARAYA,KALIMANTAN TENGAH
63.01,KAB. TANAH LAUT,KALIMANTAN SELATAN
63.02,KAB. KOTABARU,KALIMANTAN SELATAN
63.03,KAB. BANJAR,KALIMANTAN SELATAN
63.04,KAB. BARITO KUALA,KALIMANTAN SELATAN
63.05,KAB. TAPIN,KALIMANTAN SELATAN
63.06,KAB. HULU SUNGAI SELATAN,KALIMANTAN SELATAN
63.07,KAB. HULU SUNGAI TENGAH,KALIMANTAN SELATAN
63.08,KAB. HULU SUNGAI UTARA,KALIMANTAN SELATAN
63.09,KAB. TABALONG,KALIMANTAN SELATAN
63.10,KAB. TANAH BUMBU,KALIMANTAN SELATAN
63.11,KAB. BALANGAN,KALIMANTAN SELATAN
63.71,KOTA BANJARMASIN,KALIMANTAN SELATAN
63.72,KOTA BANJARBARU,KALIMANTAN SELATAN
64.01,KAB. PASER,KALIMANTAN TIMUR
64.02,KAB. KUTAI KARTANEGARA,KALIMANTAN TIMUR
64.03,KAB. BERAU,KALIMANTAN TIMUR
64.07,KAB. KUTAI BARAT,KALIMANTAN TIMUR
64.08,KAB. KUTAI TIMUR,KALIMANTAN TIMUR
64.09,KAB. PENAJAM PASER UTARA,KALIMANTAN TIMUR
64.11,KAB. MAHAKAM ULU,KALIMANTAN TIMUR
64.71,KOTA BALIKPAPAN,KALIMANTAN TIMUR
64.72,KOTA SAMARINDA,KALIMANTAN TIMUR
64.74,KOTA BONTANG,KALIMANTAN TIMUR
65.01,KAB. BULUNGAN,KALIMANTAN UTARA
65.02,KAB. MALINAU,KALIMANTAN UTARA
65.03,KAB. NUNUKAN,KALIMANTAN UTARA
65.04,KAB. TANA TIDUNG,KALIMANTAN UTARA
65.71,KOTA TARAKAN,KALIMANTAN UTARA
71.01,KAB. BOLAANG MONGONDOW,SULAWESI UTARA
71.02,KAB. MINAHASA,SULAWESI UTARA
71.03,KAB. KEPULAUAN SANGIHE,SULAWESI UTARA
71.04,KAB. KEPULAUAN TALAUD,SULAWESI UTARA
71.05,KAB. MINAHASA SELATAN,SULAWESI UTARA
71.06,KAB. MINAHASA UTARA,SULAWESI UTARA
71.07,KAB. MINAHASA TENGGARA,SULAWESI UTARA
71.08,KAB. BOLAANG MONGONDOW UTARA,SULAWESI UTARA
71.09,KAB. KEP. SIAU TAGULANDANG BIARO,SULAWESI UTARA
71.10,KAB. BOLAANG MONGONDOW TIMUR,SULAWESI UTARA
71.11,KAB. BOLAANG MONGONDOW SELATAN,SULAWESI UTARA
71.71,KOTA MANADO,SULAWESI UTARA
71.72,KOTA BITUNG,SULAWESI UTARA
71.73,KOTA TOMOHON,SULAWESI UTARA
71.74,KOTA KOTAMOBAGU,SULAWESI UTARA
72.01,KAB. BANGGAI,SULAWESI TENGAH
72.02,KAB. POSO,SULAWESI TENGAH
72.03,KAB. DONGGALA,SULAWESI TENGAH
72.04,KAB. TOLI TOLI,SULAWESI TENGAH
72.05,KAB. BUOL,SULAWESI TENGAH
72.06,KAB. MOROWALI,SULAWESI TENGAH
72.07,KAB. BANGGAI KEPULAUAN,SULAWESI TENGAH
72.08,KAB. PARIGI MOUTONG,SULAWESI TENGAH
72.09,KAB. TOJO UNA UNA,SULAWESI TENGAH
72.10,KAB. SIGI,SULAWESI TENGAH
72.11,KAB. BANGGAI LAUT,SULAWESI TENGAH
72.12,KAB. MOROWALI UTARA,SULAWESI TENGAH
72.71,KOTA PALU,SULAWESI TENGAH
73.01,KAB. KEPULAUAN SELAYAR,SULAWESI SELATAN
73.02,KAB. BULUKUMBA,SULAWESI SELATAN
73.03,KAB. BANTAENG,SULAWESI SELATAN
73.04,KAB. JENEPONTO,SULAWESI SELATAN
73.05,KAB. TAKALAR,SULAWESI SELATAN
73.06,KAB. GOWA,SULAWESI SELATAN
73.07,KAB. SINJAI,SULAWESI SELATAN
73.08,KAB. BONE,SULAWESI SELATAN
73.09,KAB. MAROS,SULAWESI SELATAN
73.10,KAB. PANGKAJENE KEPULAUAN,SULAWESI SELATAN
73.11,KAB. BARRU,SULAWESI SELATAN
73.12,KAB. SOPPENG,SULAWESI SELATAN
73.13,KAB. WAJO,SULAWESI SELATAN
73.14,KAB. SIDENRENG RAPPANG,SULAWESI SELATAN
73.15,KAB. PINRANG,SULAWESI SELATAN
73.16,KAB. ENREKANG,SULAWESI SELATAN
73.17,KAB. LUWU,SULAWESI SELATAN
73.18,KAB. TANA TORAJA,SULAWESI SELATAN
73.22,KAB. LUWU UTARA,SULAWESI SELATAN
73.24,KAB. LUWU TIMUR,SULAWESI SELATAN
73.26,KAB. TORAJA UTARA,SULAWESI SELATAN
73.71,KOTA MAKASSAR,SULAWESI SELATAN
73.72,KOTA PARE PARE,SULAWESI SELATAN
73.73,KOTA PALOPO,SULAWESI SELATAN
74.01,KAB. KOLAKA,SULAWESI TENGGARA
74.02,KAB. KONAWE,SULAWESI TENGGARA
74.03,KAB. MUNA,SULAWESI TENGGARA
74.04,KAB. BUTON,SULAWESI TENGGARA
74.05,KAB. KONAWE SELATAN,SULAWESI TENGGARA
74.06,KAB. BOMBANA,SULAWESI TENGGARA
74.07,KAB. WAKATOBI,SULAWESI TENGGARA
74.08,KAB. KOLAKA UTARA,SULAWESI TENGGARA
74.09,KAB. KONAWE UTARA,SULAWESI TENGGARA
74.10,KAB. BUTON UTARA,SULAWESI TENGGARA
74.11,KAB. KOLAKA TIMUR,SULAWESI TENGGARA
74.12,KAB. KONAWE KEPULAUAN,SULAWESI TENGGARA
74.13,KAB. MUNA BARAT,SULAWESI TENGGARA
74.14,KAB. BUTON TENGAH,SULAWESI TENGGARA
74.15,KAB. BUTON SELATAN,SULAWESI TENGGARA
74.71,KOTA KENDARI,SULAWESI TENGGARA
74.72,KOTA BAU BAU,SULAWESI TENGGARA
75.01,KAB. GORONTALO,GORONTALO
75.02,KAB. BOALEMO,GORONTALO
75.03,KAB. BONE BOLANGO,GORONTALO
75.04,KAB. POHUWATO,GORONTALO
75.05,KAB. GORONTALO UTARA,GORONTALO
75.71,KOTA GORONTALO,GORONTALO
76.01,KAB. PASANGKAYU,SULAWESI BARAT
76.02,KAB. MAMUJU,SULAWESI BARAT
76.03,KAB. MAMASA,SULAWESI BARAT
76.04,KAB. POLEWALI MANDAR,SULAWESI BARAT
76.05,KAB. MAJENE,SULAWESI BARAT
76.06,KAB. MAMUJU TENGAH,SULAWESI BARAT
81.01,KAB. MALUKU TENGAH,MALUKU
81.02,KAB. MALUKU TENGGARA,MALUKU
81.03,KAB. KEPULAUAN TANIMBAR,MALUKU
81.04,KAB. BURU,MALUKU
81.05,KAB. SERAM BAGIAN TIMUR,MALUKU
81.06,KAB. SERAM BAGIAN BARAT,MALUKU
81.07,KAB. KEPULAUAN ARU,MALUKU
81.08,KAB. MALUKU BARAT DAYA,MALUKU
81.09,KAB. BURU SELATAN,MALUKU
81.71,KOTA AMBON,MALUKU
81.72,KOTA TUAL,MALUKU
82.01,KAB. HALMAHERA BARAT,MALUKU UTARA
82.02,KAB. HALMAHERA TENGAH,MALUKU UTARA
82.03,KAB. HALMAHERA UTARA,MALUKU UTARA
82.04,KAB. HALMAHERA SELATAN,MALUKU UTARA
82.05,KAB. KEPULAUAN SULA,MALUKU UTARA
82.06,KAB. HALMAHERA TIMUR,MALUKU UTARA
82.07,KAB. PULAU MOROTAI,MALUKU UTARA
82.08,KAB. PULAU TALIABU,MALUKU UTARA
82.71,KOTA TERNATE,MALUKU UTARA
82.72,KOTA TIDORE KEPULAUAN,MALUKU UTARA
91.03,KAB. JAYAPURA,PAPUA
91.05,KAB. KEPULAUAN YAPEN,PAPUA
91.06,KAB. BIAK NUMFOR,PAPUA
91.10,KAB. SARMI,PAPUA
91.11,KAB. KEEROM,PAPUA
91.15,KAB. WAROPEN,PAPUA
91.19,KAB. SUPIORI,PAPUA
91.20,KAB. MAMBERAMO RAYA,PAPUA
91.71,KOTA JAYAPURA,PAPUA
92.01,KAB. SORONG,PAPUA BARAT
92.02,KAB. MANOKWARI,PAPUA BARAT
92.03,KAB. FAK FAK,PAPUA BARAT
92.04,KAB. SORONG SELATAN,PAPUA BARAT
92.05,KAB. RAJA AMPAT,PAPUA BARAT
92.06,KAB. TELUK BINTUNI,PAPUA BARAT
92.07,KAB. TELUK WONDAMA,PAPUA BARAT
92.08,KAB. KAIMANA,PAPUA BARAT
92.09,KAB. TAMBRAUW,PAPUA BARAT
92.10,KAB. MAYBRAT,PAPUA BARAT
92.11,KAB. MANOKWARI SELATAN,PAPUA BARAT
92.12,KAB. PEGUNUNGAN ARFAK,PAPUA BARAT
92.71,KOTA SORONG,PAPUA BARAT
93.01,KAB. MERAUKE,PAPUA SELATAN
93.02,KAB. BOVEN DIGOEL,PAPUA SELATAN
93.03,KAB. MAPPI,PAPUA SELATAN
93.04,KAB. ASMAT,PAPUA SELATAN
94.01,KAB. NABIRE,PAPUA TENGAH
94.02,KAB. PUNCAK JAYA,PAPUA TENGAH
94.03,KAB. PANIAI,PAPUA TENGAH
94.04,KAB. MIMIKA,PAPUA TENGAH
94.05,KAB. PUNCAK,PAPUA TENGAH
94.06,KAB. DOGIYAI,PAPUA TENGAH
94.07,KAB. INTAN JAYA,PAPUA TENGAH
94.08,KAB. DEIYAI,PAPUA TENGAH
95.01,KAB. JAYAWIJAYA,PAPUA PEGUNUNGAN
95.02,KAB. PEGUNUNGAN BINTANG,PAPUA PEGUNUNGAN
95.03,KAB. YAHUKIMO,PAPUA PEGUNUNGAN
95.04,KAB. TOLIKARA,PAPUA PEGUNUNGAN
95.05,KAB. MAMBERAMO TENGAH,PAPUA PEGUNUNGAN
95.06,KAB. YALIMO,PAPUA PEGUNUNGAN
95.07,KAB. LANNY JAYA,PAPUA PEGUNUNGAN
95.08,KAB. NDUGA,PAPUA PEGUNUNGAN
